ID,volume,surface,mesh
RF.b_10019,92.3001709,175.1875123,Yes
RF.b_10034,72.37731934,165.7926894,Yes
RF.b_10047,132.8534393,281.5067658,Yes
RF.b_10059,45.40675735,145.6971423,Yes
RF.b_10064,204.2626648,383.0916002,Yes
RF.b_10067,328.2554016,485.290734,Yes
RF.b_10070,1187.195313,1081.947396,Yes
RF.b_10205,15357.49316,4607.663784,Yes
RF.b_10273,930.5310669,1021.832951,Yes
RF.b_10349,2576.025146,1677.783797,Yes
RF.b_10350,1089.069946,1243.313307,Yes
RF.b_10351,5755.404297,2951.509157,Yes
RF.b_10352,1410.081055,1250.234952,Yes
RF.b_10353,1318.103271,1163.989052,Yes
RF.b_10354,9576.226563,4108.412617,Yes
RF.b_10355,3869.290039,2568.493908,Yes
RF.b_10356,1122.7052,1234.945808,Yes
RF.b_10357,3401.704346,2089.196869,Yes
RF.b_10358,1604.740967,1477.682424,Yes
RF.b_10359,1341.140137,1145.575032,Yes
RF.b_10360,858.8133545,971.0444089,Yes
RF.b_10361,4970.542969,3128.680329,Yes
RF.b_10362,5799.224121,2959.60195,Yes
RF.b_10363,1003.856384,1230.362987,Yes
RF.b_10364,1772.869873,1427.635327,Yes
RF.b_10365,1319.566528,1251.217355,Yes
RF.b_10366,1098.866455,1065.406069,Yes
RF.b_10367,605.0528564,872.4444744,Yes
RF.b_10368,443.2580872,589.7104192,Yes
RF.b_10369,245.0405273,478.4667358,Yes
RF.b_10370,848.0958862,847.0526952,Yes
RF.b_10371,1099.308838,818.9513495,Yes
RF.b_10372,180.5470276,414.0601186,Yes
RF.b_10373,232.5545349,447.3784655,Yes
RF.b_10374,201.265976,331.8205899,Yes
RF.b_10375,431.9562988,591.4305192,Yes
RF.b_10376,139.7569733,281.8170157,Yes
RF.b_10377,59.54562759,152.7882871,Yes
RF.b_10378,59.03693008,172.8327951,Yes
RF.b_10379,111.9147797,213.0983635,Yes
RF.b_10380,86.71055603,209.1651872,Yes
RF.b_10381,68.46522522,138.7034912,Yes
RF.b_10384,1165.296631,948.7219439,Yes
RF.b_10387,1174.289917,995.9972042,Yes
RF.b_10388,734.767334,817.3861737,Yes
RF.b_10391,191.4861603,348.4723492,Yes
RF.b_10397,112.1357346,221.6558948,Yes
RF.b_104,2413.969482,2154.538072,Yes
RF.b_10401,268.3765564,475.5859085,Yes
RF.b_10402,156.0123444,325.8136349,Yes
RF.b_10403,479.2251892,564.4984007,Yes
RF.b_10404,190.7440491,422.7728263,Yes
RF.b_10405,336.6722107,399.5227905,Yes
RF.b_10406,169.2677002,281.2140242,Yes
RF.b_10407,78.85507202,194.7787924,Yes
RF.b_10408,487.7371826,508.7727676,Yes
RF.b_10409,399.3520813,517.9815123,Yes
RF.b_10410,107.0862808,278.5948425,Yes
RF.b_10411,182.6451721,345.338802,Yes
RF.b_10412,37.51010513,116.0715823,Yes
RF.b_10413,154.6144714,323.4185685,Yes
RF.b_10414,173.0577545,370.8320578,Yes
RF.b_10415,415.9244385,490.7986267,Yes
RF.b_10416,270.45755,545.9430162,Yes
RF.b_10417,539.3543701,649.9182571,Yes
RF.b_10418,454.4301147,659.4434163,Yes
RF.b_10419,589.0514526,810.2418514,Yes
RF.b_10420,824.5078735,764.2157471,Yes
RF.b_10421,737.9269409,841.9831488,Yes
RF.b_10422,675.7631226,737.4428248,Yes
RF.b_10423,541.2739258,721.5580584,Yes
RF.b_10424,904.159729,895.3929414,Yes
RF.b_10425,1022.005981,887.7465141,Yes
RF.b_10426,746.279541,1033.38799,Yes
RF.b_10428,659.8007813,823.0755454,Yes
RF.b_10429,93.40045166,235.6897914,Yes
RF.b_10430,117.6390228,237.1276956,Yes
RF.b_10431,131.5700684,264.8902278,Yes
RF.b_10432,55.07363892,148.6348345,Yes
RF.b_10433,189.8137207,315.9293809,Yes
RF.b_10434,382.7364197,601.168439,Yes
RF.b_10435,245.8381805,491.31742,Yes
RF.b_10436,300.6340027,455.8740937,Yes
RF.b_10437,217.1470184,352.6717314,Yes
RF.b_10438,127.8204803,211.2051036,Yes
RF.b_10439,116.2596817,212.9394492,Yes
RF.b_10440,331.5901794,538.4852413,Yes
RF.b_10441,331.5822144,469.9810791,Yes
RF.b_10442,528.7562256,598.2686567,Yes
RF.b_10443,135.5896301,324.4500528,Yes
RF.b_10444,126.8199692,284.5292001,Yes
RF.b_10445,90.18338776,201.4408312,Yes
RF.b_10446,608.1968384,642.0944119,Yes
RF.b_10447,77.10440063,198.581966,Yes
RF.b_10448,126.2867126,220.3503674,Yes
RF.b_10449,30.72018814,100.35429,Yes
RF.b_10450,477.8572388,756.2353391,Yes
RF.b_10451,595.9163208,755.0608185,Yes
RF.b_10452,547.1374512,550.0186873,Yes
RF.b_10453,1262.269897,1068.767113,Yes
RF.b_10454,2694.987793,1704.226283,Yes
RF.b_10455,1326.213013,1108.571581,Yes
RF.b_117,1558.55127,1318.117611,Yes
RF.b_1296,205.4304504,316.272771,Yes
RF.b_136,2151.420654,1428.497171,Yes
RF.b_1383,106.4478455,283.3467437,Yes
RF.b_1395,195.0749969,301.3492362,Yes
RF.b_1396,828.8069458,715.4076722,Yes
RF.b_1401,250.7778015,419.5069468,Yes
RF.b_1424,964.4237671,924.5401349,Yes
RF.b_1463,26.29324913,78.10425684,Yes
RF.b_1464,196.2397919,332.9178865,Yes
RF.b_1465,62.40808487,138.370573,Yes
RF.b_1466,181.6424713,307.3409724,Yes
RF.b_1467,750.9730225,1133.696204,Yes
RF.b_1490,226.6360779,399.750749,Yes
RF.b_1492,401.2994995,545.1310277,Yes
RF.b_1493,65.01209259,187.7716067,Yes
RF.b_1494,290.4089355,502.9605622,Yes
RF.b_15,4585.722168,2844.249332,Yes
RF.b_1510,223.2881775,315.5580206,Yes
RF.b_1517,84.85527802,190.8623288,Yes
RF.b_1521,126.3441772,208.5703545,Yes
RF.b_1522,399.114563,596.2193706,Yes
RF.b_1523,107.5215912,234.1461216,Yes
RF.b_1533,191.1199036,341.8504884,Yes
RF.b_1534,392.825592,510.8945503,Yes
RF.b_1537,168.0529175,270.4059403,Yes
RF.b_1538,206.5131531,389.4903497,Yes
RF.b_1539,64.71592712,160.1598468,Yes
RF.b_1543,191.4262695,308.001848,Yes
RF.b_1544,84.21753693,166.0755276,Yes
RF.b_1545,64.11791229,173.159339,Yes
RF.b_1547,359.6580505,526.5945013,Yes
RF.b_1548,275.4084778,410.3376051,Yes
RF.b_1549,404.8900757,602.9088167,Yes
RF.b_1550,91.90357208,194.4356388,Yes
RF.b_1551,120.3217621,268.1873427,Yes
RF.b_1552,456.7140503,623.849052,Yes
RF.b_1553,30.88651085,89.00977691,Yes
RF.b_1554,65.53401184,135.5902899,Yes
RF.b_1555,41.02185059,115.6379741,Yes
RF.b_1556,36.28462982,113.6299754,Yes
RF.b_1557,498.9239502,651.0390413,Yes
RF.b_1563,135.0310364,274.0215431,Yes
RF.b_1565,97.21878052,242.4726236,Yes
RF.b_1566,152.0944214,305.3231364,Yes
RF.b_1568,62.54245377,156.314314,Yes
RF.b_1572,165.6535492,354.5512922,Yes
RF.b_1573,325.6226501,468.4982891,Yes
RF.b_1574,188.3239288,352.11758,Yes
RF.b_1577,268.2374878,471.5114501,Yes
RF.b_1578,131.0354614,219.5986295,Yes
RF.b_1579,107.7190247,241.353143,Yes
RF.b_1580,395.6842957,571.7313404,Yes
RF.b_1581,741.0968018,896.2054282,Yes
RF.b_1582,173.8944092,369.947707,Yes
RF.b_1585,101.6691818,226.8386198,Yes
RF.b_1587,77.74888611,164.7379326,Yes
RF.b_1588,127.9799728,218.1180025,Yes
RF.b_1589,94.32967377,190.6261649,Yes
RF.b_1591,235.5205688,386.67094,Yes
RF.b_1592,64.46156311,162.7655588,Yes
RF.b_1593,107.2155609,244.3985355,Yes
RF.b_1594,128.7655792,269.6440843,Yes
RF.b_1595,188.6188202,323.5190254,Yes
RF.b_1596,167.4404449,263.8773561,Yes
RF.b_1597,475.9116516,633.2498814,Yes
RF.b_1598,128.4451141,261.5731676,Yes
RF.b_1600,93.00428772,167.960343,Yes
RF.b_1601,55.58057022,161.1657424,Yes
RF.b_1602,52.80767441,125.1673134,Yes
RF.b_1606,53.19872284,137.5275237,Yes
RF.b_1607,102.994133,221.872681,Yes
RF.b_1608,71.97197723,170.1710859,Yes
RF.b_1609,113.8282547,202.6192119,Yes
RF.b_1613,146.7003174,281.7366439,Yes
RF.b_1614,120.9533615,269.7119566,Yes
RF.b_1615,83.3687439,176.0265145,Yes
RF.b_1616,129.7735748,247.0262061,Yes
RF.b_1617,97.16868591,205.3903595,Yes
RF.b_1618,124.1959229,211.6607621,Yes
RF.b_1619,288.6137695,460.4454144,Yes
RF.b_1622,76.38156891,165.6767915,Yes
RF.b_1623,82.94817352,189.74748,Yes
RF.b_1624,143.9745789,261.294625,Yes
RF.b_1626,73.92546844,159.2423581,Yes
RF.b_1629,55.14675522,131.5340197,Yes
RF.b_1630,215.1668701,379.6546355,Yes
RF.b_1632,252.1027527,373.2213283,Yes
RF.b_1635,225.4057922,442.4342194,Yes
RF.b_1636,152.049881,308.5599788,Yes
RF.b_1637,105.6975861,272.4155902,Yes
RF.b_1638,909.0025635,1016.713477,Yes
RF.b_1639,253.5668945,379.0729035,Yes
RF.b_1640,196.4940796,359.0532088,Yes
RF.b_1641,637.4092407,725.5392954,Yes
RF.b_1642,460.6521301,712.5477723,Yes
RF.b_1643,361.1677551,555.8783114,Yes
RF.b_1644,582.3635864,814.6264082,Yes
RF.b_1645,1324.431763,1360.460671,Yes
RF.b_1646,706.7047119,865.9507277,Yes
RF.b_1648,1141.044067,1158.589772,Yes
RF.b_1649,1130.801758,1409.724571,Yes
RF.b_1650,203.8583527,388.8888299,Yes
RF.b_1651,569.8411865,775.1437739,Yes
RF.b_202,7215.463379,3687.971569,Yes
RF.b_206,7161.527344,3344.491935,Yes
RF.b_207,2413.340088,2120.61041,Yes
RF.b_21,3272.430176,2506.837961,Yes
RF.b_211,6126.20166,3814.807989,Yes
RF.b_223,2977.631348,1757.298916,Yes
RF.b_2280,377.2156067,586.678405,Yes
RF.b_2281,633.666748,895.9536194,Yes
RF.b_2282,488.0178833,796.860298,Yes
RF.b_2291,131.7337646,244.1006862,Yes
RF.b_2296,591.1015625,800.3017666,Yes
RF.b_2304,574.4654541,678.2972577,Yes
RF.b_2357,120.5703735,263.4795702,Yes
RF.b_24,4288.853516,2699.735135,Yes
RF.b_2416,461.0318298,585.653744,Yes
RF.b_2426,1011.923157,1086.751277,Yes
RF.b_2427,1517.864014,1488.35645,Yes
RF.b_2428,116.1992264,268.6887263,Yes
RF.b_2465,900.5665283,918.0587727,Yes
RF.b_2477,265.4290771,555.8473238,Yes
RF.b_2481,98.17823792,257.3984121,Yes
RF.b_2490,675.5114136,833.7290885,Yes
RF.b_2498,592.9230347,676.7523552,Yes
RF.b_25,2372.125977,1837.712121,Yes
RF.b_2521,252.873642,421.1617317,Yes
RF.b_2602,338.9581604,547.9120323,Yes
RF.b_2727,491.1552124,664.5140428,Yes
RF.b_278,7275.846191,2822.165524,Yes
RF.b_284,5508.197754,2208.787856,Yes
RF.b_285,6766.569824,2852.607279,Yes
RF.b_286,1408.8927,959.7523057,Yes
RF.b_302,1988.741333,1352.63614,Yes
RF.b_31,1236.834839,1170.09981,Yes
RF.b_324,8329.889648,3398.791826,Yes
RF.b_339,4119.180664,2049.233132,Yes
RF.b_354,1273.053589,885.454309,Yes
RF.b_3733,15913.77344,4685.227074,Yes
RF.b_40,1221.238647,1117.799814,Yes
RF.b_4087,120.4636307,234.890462,Yes
RF.b_4114,102.9416504,209.9771884,Yes
RF.b_4124,2110.514404,1849.63363,Yes
RF.b_4125,2020.713013,1937.812491,Yes
RF.b_4126,1402.946411,1618.018537,Yes
RF.b_4140,788.461792,1114.06973,Yes
RF.b_4142,1010.294678,1076.927145,Yes
RF.b_4172,131.4978943,278.8946762,Yes
RF.b_4178,694.0354004,712.4617588,Yes
RF.b_4215,1113.125732,1080.313703,Yes
RF.b_4216,875.8886719,965.0332459,Yes
RF.b_4220,2838.000977,2054.099332,Yes
RF.b_4251,949.9386597,1190.740164,Yes
RF.b_4270,390.097168,505.9842373,Yes
RF.b_4299,389.8163452,632.4013542,Yes
RF.b_4344,455.1174927,501.4088597,Yes
RF.b_4413,552.4464111,671.3102121,Yes
RF.b_442,651.9435425,753.8576747,Yes
RF.b_4425,339.9841309,524.6671753,Yes
RF.b_4426,386.9177551,543.1502992,Yes
RF.b_4427,561.4089355,649.4838761,Yes
RF.b_4470,254.0212097,428.2153365,Yes
RF.b_4490,200.4996185,328.558449,Yes
RF.b_4501,4272.984375,2431.871949,Yes
RF.b_4532,945.4864502,1022.862118,Yes
RF.b_4561,2536.852539,2036.016638,Yes
RF.b_4589,527.7451172,781.4391248,Yes
RF.b_4606,472.6414795,616.2307413,Yes
RF.b_4624,239.0313416,386.0133553,Yes
RF.b_4636,2617.370605,2100.916489,Yes
RF.b_4665,239.7881775,405.1327804,Yes
RF.b_4697,65.99559784,156.5577351,Yes
RF.b_475,2856.960693,2367.29193,Yes
RF.b_4752,360.3477478,517.6096556,Yes
RF.b_4948,5143.905762,2768.5789,Yes
RF.b_4966,1548.411865,1550.243855,Yes
RF.b_4977,640.3032227,614.7681516,Yes
RF.b_5025,1262.771973,988.3392464,Yes
RF.b_5043,424.0910645,527.2675752,Yes
RF.b_5074,298.3956604,450.566066,Yes
RF.b_5150,563.6747437,696.7701979,Yes
RF.b_5155,837.706604,937.1718532,Yes
RF.b_5169,1829.779541,1848.753217,Yes
RF.b_5174,1016.727478,1117.377806,Yes
RF.b_5175,695.7091064,850.1999052,Yes
RF.b_5176,383.3549805,512.7841441,Yes
RF.b_5178,1137.789917,1116.831124,Yes
RF.b_5180,868.8791504,1021.492561,Yes
RF.b_5181,563.9356079,727.5897956,Yes
RF.b_5185,1679.073608,1312.259059,Yes
RF.b_5187,3490.004883,2520.383562,Yes
RF.b_5194,4064.766357,2553.633912,Yes
RF.b_5195,482.5635071,658.6348882,Yes
RF.b_5199,211.4329834,439.2355407,Yes
RF.b_5202,925.5897217,1113.571782,Yes
RF.b_5204,444.0677795,713.7110005,Yes
RF.b_5207,7351.072754,3370.871159,Yes
RF.b_5209,2153.94043,1878.957484,Yes
RF.b_5210,809.0708618,874.6981261,Yes
RF.b_5213,46.14324188,134.1711157,Yes
RF.b_5215,8231.924805,3435.258467,Yes
RF.b_5216,519.7709961,811.1916947,Yes
RF.b_5219,1427.489868,1747.761508,Yes
RF.b_5221,1865.582886,1673.626964,Yes
RF.b_5222,2861.224365,2144.284159,Yes
RF.b_5225,683.0066528,740.8877534,Yes
RF.b_5226,1288.183472,1259.312068,Yes
RF.b_5228,2093.47876,1629.96981,Yes
RF.b_5229,375.1860352,587.0013643,Yes
RF.b_5231,291.0777893,451.0322359,Yes
RF.b_5232,1865.140747,1621.551002,Yes
RF.b_5234,6038.416992,2876.657733,Yes
RF.b_5238,2302.323242,1517.081881,Yes
RF.b_5240,1280.2854,1152.745159,Yes
RF.b_5244,1735.137451,1909.190404,Yes
RF.b_5245,658.6965332,848.9994388,Yes
RF.b_5247,1046.862183,1089.470402,Yes
RF.b_5249,716.7218628,873.8073605,Yes
RF.b_5250,1975.487305,1790.988606,Yes
RF.b_5254,259.3564453,430.7289169,Yes
RF.b_5256,216.7451782,386.9517637,Yes
RF.b_5257,200.8290558,379.1235464,Yes
RF.b_5262,927.3712769,1168.194021,Yes
RF.b_5267,1043.705444,984.0488843,Yes
RF.b_5268,2919.570801,1900.608583,Yes
RF.b_5269,1022.52478,1016.318327,Yes
RF.b_5270,395.0470886,620.1305378,Yes
RF.b_5272,209.7249756,432.4535287,Yes
RF.b_5273,256.9665527,476.342416,Yes
RF.b_5275,1117.775757,1039.750174,Yes
RF.b_5278,262.8930664,482.526278,Yes
RF.b_5279,115.8159256,268.8202095,Yes
RF.b_528,4656.687012,2209.347762,Yes
RF.b_5280,108.1389542,248.1589208,Yes
RF.b_5281,208.6555786,366.8996079,Yes
RF.b_5283,303.3772583,433.1843094,Yes
RF.b_5284,687.8583984,736.6262127,Yes
RF.b_5285,1058.846802,858.5475833,Yes
RF.b_5290,1084.817505,1229.466468,Yes
RF.b_5296,332.2600403,518.6509266,Yes
RF.b_5297,759.104126,1008.088138,Yes
RF.b_5298,2485.851563,2016.673459,Yes
RF.b_5299,291.8830566,493.6287077,Yes
RF.b_5300,484.7982788,657.088443,Yes
RF.b_5301,49.46025848,123.7075195,Yes
RF.b_5302,6062.045898,3439.184628,Yes
RF.b_5308,1001.480591,1071.86057,Yes
RF.b_5309,134.5565796,270.3804456,Yes
RF.b_531,379.1433716,586.4249484,Yes
RF.b_5311,277.8546143,550.2174616,Yes
RF.b_5313,1513.35791,1386.694659,Yes
RF.b_5318,225.442276,394.1540733,Yes
RF.b_5320,273.802124,461.3246088,Yes
RF.b_5321,487.0284729,723.0770126,Yes
RF.b_5325,985.9850464,1255.650106,Yes
RF.b_5331,934.1105957,865.4337577,Yes
RF.b_5334,923.3621216,872.1924229,Yes
RF.b_5337,822.1379395,972.4481281,Yes
RF.b_5338,1509.844849,1138.53207,Yes
RF.b_5342,1766.453125,1697.849247,Yes
RF.b_5343,741.1288452,975.8595999,Yes
RF.b_5344,512.414856,674.7914623,Yes
RF.b_5345,2990.190186,1749.829331,Yes
RF.b_5348,202.7810211,330.9424028,Yes
RF.b_5349,159.9949799,321.537974,Yes
RF.b_5350,59.64554977,135.6809064,Yes
RF.b_5351,165.872757,313.7901319,Yes
RF.b_5353,1031.631836,1086.668417,Yes
RF.b_5354,502.2204285,727.7334781,Yes
RF.b_5356,1128.710327,1136.44246,Yes
RF.b_5357,960.7306519,932.976258,Yes
RF.b_5358,134.0289307,373.2708476,Yes
RF.b_5359,58.40380096,154.014659,Yes
RF.b_5361,1408.762817,1086.898403,Yes
RF.b_5366,938.4008179,1189.192465,Yes
RF.b_5373,472.1514893,542.1596803,Yes
RF.b_5378,112.8071136,222.2275659,Yes
RF.b_5379,317.867157,478.751439,Yes
RF.b_5380,1518.197021,1320.294062,Yes
RF.b_5382,765.6421509,899.107468,Yes
RF.b_5383,92.49933624,194.913184,Yes
RF.b_5384,4407.65625,2541.844504,Yes
RF.b_5396,1726.017212,1554.750199,Yes
RF.b_5411,2772.952148,2134.088612,Yes
RF.b_5413,374.5057068,485.2096182,Yes
RF.b_5415,157.8524628,267.9753503,Yes
RF.b_5416,1652.37085,1262.89449,Yes
RF.b_5419,312.3168335,450.631143,Yes
RF.b_5420,1385.252808,1332.134285,Yes
RF.b_5456,2430.836426,1703.935393,Yes
RF.b_5458,3151.279785,2127.203505,Yes
RF.b_5460,772.4931641,816.7347521,Yes
RF.b_5462,740.6122437,735.9892351,Yes
RF.b_5463,519.9707031,791.1048536,Yes
RF.b_5464,214.6231232,322.8434877,Yes
RF.b_5465,44.46791458,111.1374452,Yes
RF.b_5466,199.7577209,402.4828477,Yes
RF.b_5467,84.27235413,185.1638505,Yes
RF.b_5469,395.025116,486.1653159,Yes
RF.b_5470,161.9200745,301.7384535,Yes
RF.b_5472,402.0776672,528.9068583,Yes
RF.b_5473,564.5974121,734.838897,Yes
RF.b_5475,64.34391785,151.7555256,Yes
RF.b_5476,121.8058243,235.6232137,Yes
RF.b_5478,1268.799194,1226.669209,Yes
RF.b_5480,70.94858551,163.2912953,Yes
RF.b_5481,306.750885,468.6732186,Yes
RF.b_5482,77.38493347,163.4484444,Yes
RF.b_5484,63.41295242,129.8155667,Yes
RF.b_5486,184.6285706,266.3070817,Yes
RF.b_5488,2006.991455,1484.830783,Yes
RF.b_5490,634.0341797,778.0058695,Yes
RF.b_5492,28.01882935,93.74730657,Yes
RF.b_5493,2147.844727,1673.014444,Yes
RF.b_5494,1020.677002,1016.878909,Yes
RF.b_5495,595.0846558,759.1433207,Yes
RF.b_5496,461.0859985,608.6745183,Yes
RF.b_5497,115.8695145,307.6019418,Yes
RF.b_5498,46.90842056,126.8308665,Yes
RF.b_5499,81.77817535,217.4735784,Yes
RF.b_5500,168.5626984,435.5933457,Yes
RF.b_5501,20.57387161,86.23819404,Yes
RF.b_5503,580.5105591,702.3582678,Yes
RF.b_5504,111.3837051,240.0334356,Yes
RF.b_5516,284.6568604,415.2605698,Yes
RF.b_5518,938.0982666,882.4078163,Yes
RF.b_5555,6082.918945,3767.61381,Yes
RF.b_5664,1967.928711,1381.831931,Yes
RF.b_5717,989.0651855,1084.09717,Yes
RF.b_5725,1286.183228,1369.99816,Yes
RF.b_5726,1853.093628,1453.997521,Yes
RF.b_5727,1496.26416,1527.36069,Yes
RF.b_5729,145.7488251,264.8010669,Yes
RF.b_5730,2463.503418,1796.125873,Yes
RF.b_5731,161.936554,329.1238957,Yes
RF.b_5735,381.9609375,523.6583535,Yes
RF.b_5737,594.0046997,614.9389348,Yes
RF.b_5739,521.8945923,621.0840206,Yes
RF.b_5740,231.6075592,405.7142142,Yes
RF.b_5741,242.9797668,365.7755585,Yes
RF.b_5748,211.8426819,406.5417517,Yes
RF.b_5749,132.2207336,261.1678898,Yes
RF.b_5750,638.3240967,814.3418321,Yes
RF.b_5751,660.5697021,794.7679843,Yes
RF.b_5752,192.6381683,300.9545876,Yes
RF.b_5754,288.5879822,466.1562725,Yes
RF.b_5757,2763.690918,2157.175534,Yes
RF.b_5758,2300.946777,1744.56739,Yes
RF.b_5760,5497.190918,2780.223233,Yes
RF.b_5761,221.347702,320.2488372,Yes
RF.b_5762,175.6455078,298.3249014,Yes
RF.b_5763,42.49824905,126.0765551,Yes
RF.b_5764,997.8718872,1087.17523,Yes
RF.b_5767,309.5727844,504.8442624,Yes
RF.b_5768,4556.283203,3369.984922,Yes
RF.b_5771,202.2144775,378.1182986,Yes
RF.b_5773,2047.895508,1576.434829,Yes
RF.b_5774,655.2803345,821.4193283,Yes
RF.b_5777,7412.408203,3508.804368,Yes
RF.b_5779,289.8380127,527.1514975,Yes
RF.b_5782,582.3300171,645.1501804,Yes
RF.b_5783,747.8914795,940.1390284,Yes
RF.b_5784,4686.705566,3294.627531,Yes
RF.b_5785,1929.302612,1719.597945,Yes
RF.b_5786,680.0079956,837.4433548,Yes
RF.b_5788,492.8203125,471.2409608,Yes
RF.b_5790,1607.146851,1598.737918,Yes
RF.b_5791,94.23767853,196.9871726,Yes
RF.b_5793,1140.28125,1020.625917,Yes
RF.b_5798,201.2212524,357.5247068,Yes
RF.b_5799,327.5716248,522.6668597,Yes
RF.b_5805,464.9133606,596.6072365,Yes
RF.b_5807,438.1116638,485.764184,Yes
RF.b_5808,414.602478,626.5557737,Yes
RF.b_5809,1020.393799,940.6413538,Yes
RF.b_5814,270.82724,443.2918036,Yes
RF.b_5819,1108.022949,1383.313616,Yes
RF.b_5821,743.2337036,905.4639915,Yes
RF.b_5823,424.3170776,486.076334,Yes
RF.b_5824,769.7226563,818.126818,Yes
RF.b_5825,388.7535706,509.9294134,Yes
RF.b_5827,1030.480835,890.6437211,Yes
RF.b_5828,350.3811646,565.5489442,Yes
RF.b_5831,3218.502197,2175.302406,Yes
RF.b_5832,300.3388367,513.8530726,Yes
RF.b_5833,255.6017609,478.9737553,Yes
RF.b_5834,225.4714966,392.3765909,Yes
RF.b_5835,671.3532715,888.0555362,Yes
RF.b_5837,230.791687,354.8212501,Yes
RF.b_5843,383.536499,603.1586605,Yes
RF.b_5844,141.915802,305.4115605,Yes
RF.b_5849,296.144043,457.8589169,Yes
RF.b_585,1112.260376,1036.078468,Yes
RF.b_5850,242.9908295,487.2093179,Yes
RF.b_5851,402.9666138,553.0264306,Yes
RF.b_5852,45.51450729,137.2056383,Yes
RF.b_5856,466.229126,621.5539019,Yes
RF.b_5857,152.8347168,308.7622936,Yes
RF.b_5859,281.4916077,492.0283612,Yes
RF.b_5861,761.7537842,748.5447371,Yes
RF.b_5862,268.1852722,379.8722571,Yes
RF.b_5863,158.3734436,307.4479708,Yes
RF.b_5865,162.7036896,287.8625611,Yes
RF.b_5872,311.7401428,563.5522748,Yes
RF.b_5873,649.4855347,852.6431461,Yes
RF.b_5875,818.2387085,937.8437004,Yes
RF.b_5877,1225.082031,1230.51605,Yes
RF.b_5878,1165.553345,1095.264768,Yes
RF.b_5879,1863.156128,1546.329557,Yes
RF.b_5881,2461.501465,1736.771497,Yes
RF.b_5883,1278.202271,1101.233783,Yes
RF.b_5885,522.742981,695.3412858,Yes
RF.b_5887,338.0691833,606.0027019,Yes
RF.b_5888,423.932251,621.0382647,Yes
RF.b_5889,265.0973816,511.4810177,Yes
RF.b_5890,389.2588196,610.4160461,Yes
RF.b_5893,1275.782593,1266.942448,Yes
RF.b_5897,1342.75769,1223.245604,Yes
RF.b_5898,1497.386597,1235.733931,Yes
RF.b_5900,3572.767334,2527.817401,Yes
RF.b_5901,977.2409668,1033.603731,Yes
RF.b_5902,1034.549194,975.7982045,Yes
RF.b_5903,986.9683228,1122.666869,Yes
RF.b_5904,88.53616333,239.3678545,Yes
RF.b_5905,967.3740234,1160.291258,Yes
RF.b_5906,1197.103882,1229.002438,Yes
RF.b_5907,44.74224854,135.0181487,Yes
RF.b_5908,402.422699,809.7549952,Yes
RF.b_5909,2071.390137,1700.548455,Yes
RF.b_5910,2236.800293,1720.456889,Yes
RF.b_5912,1639.816284,1865.304565,Yes
RF.b_5913,1018.313416,1159.540681,Yes
RF.b_5914,2350.606689,2423.014199,Yes
RF.b_5915,618.9384766,843.0892058,Yes
RF.b_5916,511.8908081,786.8868349,Yes
RF.b_5917,377.0090027,516.2775049,Yes
RF.b_5918,137.6138,291.2827914,Yes
RF.b_5925,965.5414429,1000.22192,Yes
RF.b_5927,1332.509644,1141.715714,Yes
RF.b_5928,2451.142822,2375.570872,Yes
RF.b_5931,128.2507172,299.8927039,Yes
RF.b_5932,100.7540588,214.5549756,Yes
RF.b_5935,187.2123413,318.6233485,Yes
RF.b_5937,151.124176,277.5300978,Yes
RF.b_5939,69.67436218,162.0393622,Yes
RF.b_5941,765.8476563,980.622769,Yes
RF.b_5942,238.9724579,360.2341208,Yes
RF.b_5943,2501.721436,1759.170359,Yes
RF.b_5945,218.8844604,393.7603498,Yes
RF.b_5946,146.5361481,302.6413639,Yes
RF.b_5950,876.6553345,972.8094336,Yes
RF.b_5952,1210.075317,1491.476784,Yes
RF.b_5954,899.409729,1185.277702,Yes
RF.b_6050,7645.431641,3986.779301,Yes
RF.b_6070,514.9523926,689.5668511,Yes
RF.b_6071,242.4141998,415.5152732,Yes
RF.b_6073,111.4274597,221.415442,Yes
RF.b_6074,326.5064087,492.8777931,Yes
RF.b_6077,967.1069336,996.8776442,Yes
RF.b_6084,378.1202087,659.3831281,Yes
RF.b_6085,121.1960449,217.4881043,Yes
RF.b_6086,1079.37561,1097.07035,Yes
RF.b_6091,24.12597275,88.63389829,Yes
RF.b_6093,53.23657608,149.3480718,Yes
RF.b_6095,33.86136627,110.7719207,Yes
RF.b_6097,118.8015594,221.9797164,Yes
RF.b_6098,46.78040314,130.0302992,Yes
RF.b_6145,902.6420898,1019.784479,Yes
RF.b_6146,868.267395,980.2078954,Yes
RF.b_6157,841.0997314,1094.793824,Yes
RF.b_6158,354.0403748,571.9506652,Yes
RF.b_6159,44.18579865,159.5468654,Yes
RF.b_6160,202.8720398,306.7689994,Yes
RF.b_6165,250.8510284,497.2842804,Yes
RF.b_6166,381.13974,671.5288298,Yes
RF.b_6168,304.6483154,525.0964468,Yes
RF.b_6170,178.5332642,421.9530507,Yes
RF.b_6171,114.2833862,248.2546838,Yes
RF.b_6174,49.46178055,136.1162867,Yes
RF.b_6175,82.53881073,180.2075561,Yes
RF.b_6176,91.90274811,252.1691707,Yes
RF.b_6186,82.89996338,202.7440259,Yes
RF.b_6202,620.6634521,710.9643415,Yes
RF.b_6294,13395.54102,3532.109112,Yes
RF.b_6295,11614.08984,3375.474977,Yes
RF.b_6303,6790.408203,2150.126707,Yes
RF.b_6335,1168.22168,1230.50781,Yes
RF.b_6348,4218.400879,2828.411408,Yes
RF.b_6387,7520.760254,3404.461959,Yes
RF.b_6388,342.3427124,466.5455075,Yes
RF.b_6401,1667.338623,1453.89969,Yes
RF.b_6418,2344.14917,1656.380499,Yes
RF.b_6422,2709.190674,1899.299267,Yes
RF.b_6430,1127.958984,1199.177932,Yes
RF.b_6617,302.3623352,436.287665,Yes
RF.b_6626,2536.067383,2385.089504,Yes
RF.b_6650,387.6907654,559.4625418,Yes
RF.b_6652,324.8052368,474.7356626,Yes
RF.b_6653,149.8477631,301.9246417,Yes
RF.b_6654,1315.322754,1143.041013,Yes
RF.b_6684,106.7044449,207.9325878,Yes
RF.b_6720,453.8378601,643.237815,Yes
RF.b_6725,43.35522461,109.7767583,Yes
RF.b_6726,1587.777344,1878.274339,Yes
RF.b_6735,113.8281784,234.5468281,Yes
RF.b_6838,934.8469238,954.8211682,Yes
RF.b_6849,86.68902588,193.7645738,Yes
RF.b_6853,1902.186035,2240.607997,Yes
RF.b_6857,228.4682465,374.1162212,Yes
RF.b_6863,3530.104492,2478.78477,Yes
RF.b_6881,2062.244385,1476.577779,Yes
RF.b_6882,160.7312469,319.0847638,Yes
RF.b_689,6541.250977,4439.37682,Yes
RF.b_691,603.1688232,789.8607978,Yes
RF.b_6914,1443.840576,1376.96713,Yes
RF.b_692,1582.52063,1456.026734,Yes
RF.b_6933,1418.733643,1027.151588,Yes
RF.b_6937,352.414093,661.0354367,Yes
RF.b_694,7066.271973,3176.417172,Yes
RF.b_695,3872.666016,3047.25408,Yes
RF.b_6975,6514.623535,2959.039694,Yes
RF.b_6988,311.037323,436.2483972,Yes
RF.b_700,3806.685059,2881.497368,Yes
RF.b_7055,2789.058105,2165.670983,Yes
RF.b_7056,1174.766113,965.8888937,Yes
RF.b_7063,715.3387451,725.391967,Yes
RF.b_707,87.68054962,199.1562152,Yes
RF.b_7077,156.8351288,333.7203265,Yes
RF.b_709,1068.190308,1059.95387,Yes
RF.b_710,1255.744995,1253.223481,Yes
RF.b_713,954.8458252,1140.238441,Yes
RF.b_7132,110.0057678,228.784694,Yes
RF.b_7133,218.4230804,387.4591341,Yes
RF.b_7134,142.9475098,282.6706121,Yes
RF.b_720,1128.78772,1300.820822,Yes
RF.b_7206,479.5484924,626.7763755,Yes
RF.b_722,1025.328491,1161.036746,Yes
RF.b_7232,167.9088898,365.651734,Yes
RF.b_724,13241.49609,5059.35811,Yes
RF.b_725,12313.39453,4887.87282,Yes
RF.b_7250,487.808136,543.6124189,Yes
RF.b_728,2510.884521,2245.183578,Yes
RF.b_7288,1206.373657,1238.38852,Yes
RF.b_729,1916.589478,1702.230804,Yes
RF.b_7295,7258.273438,4150.428879,Yes
RF.b_737,1538.484497,1457.57834,Yes
RF.b_738,703.7606812,923.7185478,Yes
RF.b_739,1359.172729,1315.753238,Yes
RF.b_7390,307.9954529,412.811068,Yes
RF.b_74,1130.701294,1068.076761,Yes
RF.b_7404,1369.10437,1119.630931,Yes
RF.b_742,624.2208252,829.0126244,Yes
RF.b_7458,208.6110077,344.9315669,Yes
RF.b_746,2745.046875,2084.050699,Yes
RF.b_747,2050.489746,1813.257363,Yes
RF.b_749,1347.473389,1245.623124,Yes
RF.b_7494,247.0908661,374.105901,Yes
RF.b_75,2969.373779,1765.681891,Yes
RF.b_752,1337.931519,1347.47276,Yes
RF.b_754,5027.641602,2949.338335,Yes
RF.b_7541,361.1422119,507.3291344,Yes
RF.b_755,2725.905762,2123.532548,Yes
RF.b_757,3965.759521,3000.342849,Yes
RF.b_7583,819.7833252,904.5461299,Yes
RF.b_760,1011.801697,1153.867145,Yes
RF.b_764,934.5281372,1303.896396,Yes
RF.b_7692,280.833252,395.9221036,Yes
RF.b_773,2972.07959,2350.504009,Yes
RF.b_774,4146.654785,2893.098147,Yes
RF.b_786,461.4984436,750.0982144,Yes
RF.b_793,19391.10742,6249.969255,Yes
RF.b_794,6480.874023,3134.623102,Yes
RF.b_796,4697.893555,2937.818592,Yes
RF.b_798,1477.928833,1829.581698,Yes
RF.b_80,14027.11621,6056.411776,Yes
RF.b_800,5619.096191,3109.475076,Yes
RF.b_801,1414.884155,1373.582944,Yes
RF.b_803,15153.08008,5243.759012,Yes
RF.b_8093,709.057373,744.279724,Yes
RF.b_8095,544.6853027,694.5828283,Yes
RF.b_81,4475.497559,2900.472645,Yes
RF.b_8111,293.9664917,387.0729511,Yes
RF.b_8115,7232.19043,3678.565694,Yes
RF.b_815,59.08388519,154.5538107,Yes
RF.b_82,3584.828125,2566.819936,Yes
RF.b_8257,6216.459961,3281.66264,Yes
RF.b_8258,181.3849945,317.2571456,Yes
RF.b_8259,217.9806824,360.5273967,Yes
RF.b_8260,71.91711426,172.0265624,Yes
RF.b_8261,113.5775833,249.1291854,Yes
RF.b_8262,672.8352051,768.1040895,Yes
RF.b_8264,643.5657959,580.6094736,Yes
RF.b_8265,123.0902786,294.812756,Yes
RF.b_8266,295.4961853,448.4424421,Yes
RF.b_8267,160.0457611,271.5909635,Yes
RF.b_8268,123.8649063,287.3230876,Yes
RF.b_8269,240.4234009,349.147687,Yes
RF.b_8270,336.7691345,552.1054742,Yes
RF.b_8271,254.6920319,399.29467,Yes
RF.b_8274,228.5121155,324.0235369,Yes
RF.b_8278,121.1334763,243.1846109,Yes
RF.b_8328,146.0764618,234.9924532,Yes
RF.b_8329,365.7852783,414.2768324,Yes
RF.b_8331,326.0463562,449.4142509,Yes
RF.b_8332,205.9869385,312.5468207,Yes
RF.b_8333,254.6791229,370.6575019,Yes
RF.b_8336,51.76542664,132.7822344,Yes
RF.b_8338,572.3867798,654.0090269,Yes
RF.b_8340,140.7511597,310.1303479,Yes
RF.b_8341,187.1495514,313.7219954,Yes
RF.b_8343,113.8665695,211.1568186,Yes
RF.b_8345,50.41834259,117.6186618,Yes
RF.b_8346,97.38152313,206.8694557,Yes
RF.b_8347,64.76212311,142.0532758,Yes
RF.b_8348,59.91556931,140.5957655,Yes
RF.b_842,5692.258789,4049.438046,Yes
RF.b_849,6197.886719,3367.061204,Yes
RF.b_911,375.0663452,513.3394015,Yes
RF.b_913,152.6520844,298.1747477,Yes
RF.b_914,260.1647644,417.8767207,Yes
RF.b_918,778.2178955,820.0668527,Yes
RF.b_921,55.7020607,145.6004778,Yes
RF.b_922,239.4999237,422.9549417,Yes
RF.b_9337,1152.421997,1580.557982,Yes
RF.b_937,383.1687622,529.2554767,Yes
RF.b_9392,442.3856812,636.6605817,Yes
RF.b_9416,100.5679092,195.9569093,Yes
RF.b_9417,13364.29785,6144.021881,Yes
RF.b_9431,25308.89063,8577.600301,Yes
RF.b_9433,2839.114014,2155.351751,Yes
RF.b_9437,3270.82959,2523.984061,Yes
RF.b_9441,2470.188965,2124.623923,Yes
RF.b_9444,4304.806152,2778.823011,Yes
RF.b_947,364.1962891,604.1856874,Yes
RF.b_949,106.8762589,221.3073225,Yes
RF.b_9493,1582.879395,1536.698743,Yes
RF.b_9494,531.4332275,587.2321264,Yes
RF.b_9505,6492.045898,2819.114227,Yes
RF.b_9510,2368.020508,1572.750905,Yes
RF.b_958,45.41773987,120.879791,Yes
RF.b_960,184.7443542,304.371437,Yes
RF.b_9624,120.5276871,192.761543,Yes
RF.b_9625,67.3730011,132.9699852,Yes
RF.b_9633,53.95232773,134.7924429,Yes
RF.b_9789,215.4198608,378.8271577,Yes
RF.b_9801,12590.36719,4019.460512,Yes
RF.b_9812,16522.93164,5178.508613,Yes
RF.b_9814,2453.239258,1092.408154,Yes
RF.b_984,151.003479,216.6482821,Yes
RF.b_9872,1337.388184,1444.417564,Yes
RF.b_9875,14117.68945,4795.68096,Yes
RF.b_9888,2444.586426,2368.699689,Yes
RF.b_9898,5209.649902,3781.381724,Yes
RF.b_9899,1616.609985,1425.534327,Yes
RF.b_9905,1242.782471,1492.291911,Yes
RF.b_9941,3944.131104,2140.942344,Yes
RF.b_9983,66.95796967,162.0234073,Yes
RF.c_10,25815.7207,5558.284382,Yes
RF.c_100,18328.44727,3963.030052,Yes
RF.c_103,17576.25586,4525.710648,Yes
RF.c_104,7408.543457,2449.235157,Yes
RF.c_11,17736.48828,4251.160382,Yes
RF.c_111,15903.11816,3750.338062,Yes
RF.c_114,8608.888672,2463.688094,Yes
RF.c_117,27001.7832,5496.50836,Yes
RF.c_118,28298.35938,6802.238974,Yes
RF.c_12,13152.07031,3692.29897,Yes
RF.c_120,34073.27344,7916.852495,Yes
RF.c_13,34009.29688,5977.331084,Yes
RF.c_132,11720.69727,3276.264291,Yes
RF.c_133,12603.9541,3342.479864,Yes
RF.c_136,13937.08984,3478.177265,Yes
RF.c_137,56703.5,9965.1621,Yes
RF.c_138,42407.25,7635.960043,Yes
RF.c_139,25076.85547,5516.920265,Yes
RF.c_14,16750.89258,3885.58243,Yes
RF.c_140,36952.38672,7008.018375,Yes
RF.c_141,40871.32422,8039.968289,Yes
RF.c_148,15584.57031,3918.223561,Yes
RF.c_15,12337.91016,3242.130189,Yes
RF.c_152,7381.963867,2395.903831,Yes
RF.c_16,7599.109375,2506.912868,Yes
RF.c_161,52491.11328,8214.829674,Yes
RF.c_163,16157.84766,4012.300974,Yes
RF.c_166,11140.96387,3098.258049,Yes
RF.c_169,6035.235352,2218.195989,Yes
RF.c_17,6612.997559,2133.311744,Yes
RF.c_170,15628.26465,3972.073647,Yes
RF.c_171,13597.83203,3741.187483,Yes
RF.c_172,23744.16406,5256.363487,Yes
RF.c_173,9913.882813,2893.031401,Yes
RF.c_174,9254.987305,2820.547506,Yes
RF.c_175,16384.64453,3712.835813,Yes
RF.c_176,6101.670898,2646.111452,Yes
RF.c_178,6229.077637,2683.760571,Yes
RF.c_18,6746.334961,2072.316483,Yes
RF.c_189,24708.45117,5109.158629,Yes
RF.c_19,61720.13281,9834.570858,Yes
RF.c_191,6186.62207,2053.728661,Yes
RF.c_192,10323.7666,2848.327934,Yes
RF.c_193,33435.82813,6464.526419,Yes
RF.c_194,10004.07031,2663.109851,Yes
RF.c_196,5368.858887,1929.145604,Yes
RF.c_197,12079.39258,3167.682987,Yes
RF.c_198,4863.23877,1739.496619,Yes
RF.c_20,9388.03418,2921.486459,Yes
RF.c_200,25353.88281,6356.408114,Yes
RF.c_201,14539.52051,3874.362529,Yes
RF.c_202,18699.88086,5130.571901,Yes
RF.c_203,4018.043457,1541.088177,Yes
RF.c_205,13114.65039,4184.230851,Yes
RF.c_207,19628.19922,4601.390851,Yes
RF.c_21,81698.78125,11075.53703,Yes
RF.c_212,10079.12598,3197.740411,Yes
RF.c_213,12841.23438,3801.422488,Yes
RF.c_214,4251.469238,1698.901117,Yes
RF.c_215,10729.22461,2996.419332,Yes
RF.c_216,15575.1543,3861.488036,Yes
RF.c_217,13504.29199,3576.944753,Yes
RF.c_218,31647.72656,6224.220094,Yes
RF.c_219,86205.78906,11173.35942,Yes
RF.c_22,27759.82031,6454.121755,Yes
RF.c_220,93557.82031,12650.92119,Yes
RF.c_221,4594.540527,1686.019823,Yes
RF.c_222,20397.72461,5046.869744,Yes
RF.c_223,8201.235352,2779.681435,Yes
RF.c_224,10665.99316,3109.138404,Yes
RF.c_225,112223.8516,17424.54611,Yes
RF.c_226,12260.80176,3146.291197,Yes
RF.c_227,18265.81445,4163.746356,Yes
RF.c_23,12734.41211,3574.086685,Yes
RF.c_231,6070.680176,1977.929467,Yes
RF.c_234,39664.30078,6912.715392,Yes
RF.c_235,24760.93359,5038.300936,Yes
RF.C_236,31448.9043,6060.052847,Yes
RF.c_237,18688.33203,4403.360872,Yes
RF.c_24,18711.28125,4168.643649,Yes
RF.c_241,21386.95898,4944.057103,Yes
RF.c_242,9443.920898,2786.911314,Yes
RF.c_243,5512.779785,2107.730375,Yes
RF.c_246,35146.01563,6355.744447,Yes
RF.c_25,11337.68457,3003.26348,Yes
RF.c_250,31224.91016,5829.180929,Yes
RF.c_251,44249.35547,8395.21975,Yes
RF.c_252,73772.28125,9997.641401,Yes
RF.c_253,23590.06445,4823.092744,Yes
RF.c_254,20558.93164,4558.759655,Yes
RF.c_255,67552.08594,9373.440244,Yes
RF.c_258,10725.62207,2723.84364,Yes
RF.c_259,29170.92383,5909.606423,Yes
RF.c_26,167605.3438,19421.81348,Yes
RF.c_260,33079.84375,6395.225945,Yes
RF.c_261,20760.7793,4683.904848,Yes
RF.c_263,31291.44141,6284.43942,Yes
RF.c_266,13908.33398,3738.35362,Yes
RF.c_268,36197.90625,7951.295672,Yes
RF.c_269,36632.32813,6594.620355,Yes
RF.c_27,141272.1719,16536.13695,Yes
RF.c_273,28012.69141,5670.70258,Yes
RF.c_28,61286.82422,10795.48294,Yes
RF.c_283,78365.03906,11260.37206,Yes
RF.c_289,2949.557129,1252.94111,Yes
RF.c_29,25819.76367,6283.620867,Yes
RF.c_292,16175.9375,3843.410198,Yes
RF.c_294,19906.9375,4641.780772,Yes
RF.c_30,93038.63281,12847.44693,Yes
RF.c_300,8882.241211,2417.226394,Yes
RF.c_302,13451.58789,3687.238209,Yes
RF.c_303,11655.67871,3241.897616,Yes
RF.c_308,10068.94922,3288.843117,Yes
RF.c_31,146608.1406,16840.87946,Yes
RF.c_312,26323.96875,5710.480213,Yes
RF.c_313,28353.05273,5895.516084,Yes
RF.c_314,13601.30273,4094.051379,Yes
RF.c_315,9895.991211,2990.647853,Yes
RF.c_316,4841.54834,1813.712525,Yes
RF.c_317,7748.180664,2564.575676,Yes
RF.c_318,17913.66211,5018.940364,Yes
RF.c_33,54821.19141,9015.341545,Yes
RF.c_34,66815.59375,10722.12641,Yes
RF.c_35,105553.9922,13693.72956,Yes
RF.c_36,10990.63379,2868.961044,Yes
RF.c_37,32886.20313,6627.417506,Yes
RF.c_38,7439.230469,2311.754573,Yes
RF.c_39,18531.71289,4417.19842,Yes
RF.c_40,42271.98047,7585.507339,Yes
RF.c_41,23893.23242,4873.450854,Yes
RF.c_42,31210.86719,6109.6239,Yes
RF.c_43,42326.77344,7143.289088,Yes
RF.c_44,14759.75586,3591.239359,Yes
RF.c_45,12671.07422,3020.519463,Yes
RF.c_46,14560.2627,3882.471855,Yes
RF.c_47,12520.41309,3327.703885,Yes
RF.c_48,16427.12109,3692.726303,Yes
RF.c_49,20642.49414,4339.146848,Yes
RF.c_50,4993.699219,1870.911398,Yes
RF.c_51,4477.902344,1807.07952,Yes
RF.c_52,15726.96582,3965.418841,Yes
RF.c_53,13916.25098,3534.561932,Yes
RF.c_54,16007.22656,3948.280008,Yes
RF.c_55,16083.49414,4058.507048,Yes
RF.c_56,20771.47266,4532.99764,Yes
RF.c_57,16784.9082,3784.982492,Yes
RF.c_59,12650.41797,3181.203543,Yes
RF.c_6,9943.77832,2692.507215,Yes
RF.c_60,29312.83594,5881.722432,Yes
RF.c_61,41068.6875,6702.5881,Yes
RF.c_62,25995.23828,5199.103284,Yes
RF.c_63,9541.217773,2549.391354,Yes
RF.c_64,30675.92969,6570.605677,Yes
RF.c_65,43474.74219,7416.598188,Yes
RF.c_66,26181.0918,6118.200588,Yes
RF.c_67,16113.47656,3857.594477,Yes
RF.c_68,18848.02734,4533.437923,Yes
RF.c_69,11094.95117,3018.189738,Yes
RF.c_7,30672.68945,6408.319244,Yes
RF.c_70,17745.56055,3921.536422,Yes
RF.c_71,10767.59375,3084.834001,Yes
RF.c_72,12114.62598,3396.216136,Yes
RF.c_73,18219.39648,4485.163367,Yes
RF.c_74,9377.246094,2668.391953,Yes
RF.c_75,45287.66406,7835.047253,Yes
RF.c_76,8622.75293,2699.342298,Yes
RF.c_77,26579.76563,5804.870397,Yes
RF.c_78,6976.428223,2209.049105,Yes
RF.c_79,21316.21094,4847.94333,Yes
RF.c_80,16086.81641,3982.987263,Yes
RF.c_81,12395.83008,3348.837457,Yes
RF.c_82,15614.87402,4056.947122,Yes
RF.c_83,8554.580078,2596.287998,Yes
RF.c_84,9551.96582,2699.982204,Yes
RF.c_85,15902.87891,3820.297504,Yes
RF.c_87,14373.9834,3740.071071,Yes
RF.c_88,22529.30273,4772.759687,Yes
RF.c_89,35316.97656,6773.036267,Yes
RF.c_9,8652.910156,2672.543973,Yes
RF.c_90,26974.7207,5365.577909,Yes
RF.c_91,6258.371094,2114.112607,Yes
RF.c_92,13888.12695,3564.563085,Yes
RF.c_93,8602.670898,2691.242607,Yes
RF.c_96,8092.048828,2758.358274,Yes
RF.c_97,5642.320313,1973.161832,Yes
RF.c_98,6414.932129,2259.189797,Yes
RF.c_99,7894.25,2708.001549,Yes
